[
    {
        "model": "tour_package.package",
        "pk": "17629e69-35f1-4c9d-8bf7-09a6934e1724",
        "fields": {
            "user": "33be413a-dd3e-477a-ac7a-e8280c33ebbf",
            "name": "ប្រាសាទ អង្គរវត្ត",
            "description": "ប្រាសាទ អង្គរវត្ត ឬ នគរវត្ត (អង់គ្លេស: Angkor Wat) or (Nokor Wat) ជាប្រាសាទ ដែលធំបំផុត នៅក្នុងប្រទេសកម្ពុជា ដែលមានមាឌដ្ឋានលើផ្ទៃដីទំហំ ១៦២,៦ ហិចតា ដោយស្មើនឹង (1,626,000 m2) ។ រចនាសម្ព័ននៃសំណង់ប្រាសាទត្រូវ បានចាត់ទុកជាស្ថាបត្យកម្មដ៏កំពូល នៃ អច្ឆរិយៈវត្ថុរបស់ពិភពលោក ដែលត្រូវបានសាងសង់ឡើងក្នុងស.វទី១២ ដោយព្រះបាទ សូរ្យវរ្ម័នទី២ ដែលជាព្រះមហាក្សត្រ នាសម័យកាល ចក្រភពខ្មែរ ប្រាសាទនេះសាងសង់ ដើម្បីឧទ្ទិសឱ្យ ព្រហ្មញ្ញសាសនា នៃលទ្ធិជំនឿលើ ព្រះវិស្ណុ ដូចនេះហើយ ប្រាសាទអង្គរវត្តត្រូវបានគេសន្មតថា ជាប្រាសាទសាសនា ដែលធំបំផុតនៅលើពិភពលោក ដែលជាប់ក្នុងកំណត់ត្រាពិភពលោក (Guinness World Records) ក្នុងអំឡុងឆ្នាំ ១៩៨៥ ",
            "category": "15b9fc8c-637c-48fc-b60a-69091d2dc3f8",
            "charge_type": "dc4a63bc-56c6-4385-abeb-963c40150b60",
            "max_people": 5,
            "num_days": 1,
            "max_daily_bookings": 1,
            "percentage_discount": "20.00",
            "location_url": "https://maps.app.goo.gl/ce7SWk8XtCRaVF619",
            "address": "Krong Siem Reap, Cambodia",
            "commission": "8123e37e-d617-42e6-a3dd-929c0091cb21",
            "is_close": false,
            "created_at": "2024-05-03T03:48:40.680Z"
        }
    },
    {
        "model": "tour_package.package",
        "pk": "34014616-9d1a-4511-9879-d0ffe7a0ec62",
        "fields": {
            "user": "33be413a-dd3e-477a-ac7a-e8280c33ebbf",
            "name": "ឧទ្យានជាតិព្រះមុនីវង្សបូកគោ",
            "description": "រូបភាពតូច|រូបភាពផ្លូវឡើងភ្នំបូកគោ ភ្នំបូកគោគឺជាឧទ្យានជាតិ នៅខេត្តកំពតភាគខាងត្បូងនៃប្រទេសកម្ពុជា។ វាត្រូវបានគេស្គាល់ផងដែរថាជា ឧទ្យានជាតិភ្នំបូកគោ។ ភ្នំបូកគោស្ថិតនៅក្នុងតំបន់ខ្ពង់រាប ដែលបង្កើតជាតំបន់ភាគអាគ្នេយ៍នៃ ជួរភ្នំក្រវាញ ។ ភាគច្រើននៃឧទ្យាននេះមានកម្ពស់ប្រហែល ១០០០ ម៉ែត្រពីលើផ្ទៃសមុទ្រហើយកំពូលភ្នំបូកគោមានកំពស់ ១១០១ម៉ែត្រដែលគេហៅថាភ្នំបូកគោ។ ភ្នំបូគោគឺជាភ្នំមួយដែលស្ថិតនៅក្នុងខេត្តកំពត ភ្នំបូគោមានចម្ងាយ ៣២គីឡូម៉ែត្រគិតចាប់ពីផ្លូវជាតិលេខ៣ ដល់កំពូលភ្នំបូកគោហើយភ្នំបូកគោមានកំពស់ ១១០១ម និងមានផ្ទៃដីសរុប១៤០០០ហិចតាយោងតាម គណៈគ្រប់គ្រងភ្នំបូកគោ។",
            "category": "91d2ad1e-b8ad-4772-a5f1-c066156f799e",
            "charge_type": "dc4a63bc-56c6-4385-abeb-963c40150b60",
            "max_people": 10,
            "num_days": 1,
            "max_daily_bookings": 1,
            "percentage_discount": "10.00",
            "location_url": "https://maps.app.goo.gl/4nDiVJy2LeW9vqmh6",
            "address": "National Hwy 3 Preah Monivong Bokor National Park",
            "commission": "8123e37e-d617-42e6-a3dd-929c0091cb21",
            "is_close": false,
            "created_at": "2024-05-03T03:58:48.851Z"
        }
    },
    {
        "model": "tour_package.packageimage",
        "pk": "10d04251-8da0-4160-858b-55e52365f981",
        "fields": {
            "package": "34014616-9d1a-4511-9879-d0ffe7a0ec62",
            "image": "images/initail_package_images/Bokor National Park.jpg",
            "type": "normal"
        }
    },
    {
        "model": "tour_package.packageimage",
        "pk": "10d04251-8da0-4160-858b-55e52365f982",
        "fields": {
            "package": "34014616-9d1a-4511-9879-d0ffe7a0ec62",
            "image": "images/initail_package_images/A-Guide-to-Bokor-National-Park-1.jpg",
            "type": "normal"
        }
    },
    {
        "model": "tour_package.packageimage",
        "pk": "10d04251-8da0-4160-858b-55e52365f983",
        "fields": {
            "package": "34014616-9d1a-4511-9879-d0ffe7a0ec62",
            "image": "images/initail_package_images/Bokor_palace_hotel_Cambodia.jpg",
            "type": "normal"
        }
    },
    {
        "model": "tour_package.packageimage",
        "pk": "10d04251-8da0-4160-858b-55e52365f984",
        "fields": {
            "package": "34014616-9d1a-4511-9879-d0ffe7a0ec62",
            "image": "images/initail_package_images/bokor-national-park (1).jpg",
            "type": "normal"
        }
    },
    {
        "model": "tour_package.packageimage",
        "pk": "1a1fbbeb-4454-4137-9288-91c98106dc2e",
        "fields": {
            "package": "17629e69-35f1-4c9d-8bf7-09a6934e1724",
            "image": "images/initail_package_images/Angkor_Wat_Temple.jpg",
            "type": "normal"
        }
    },
    {
        "model": "tour_package.packageimage",
        "pk": "139fe836-09e3-425d-bedb-68d323c29f29",
        "fields": {
            "package": "17629e69-35f1-4c9d-8bf7-09a6934e1724",
            "image": "images/initail_package_images/ak.jpg",
            "type": "cover"
        }
    },
    {
        "model": "tour_package.packageimage",
        "pk": "809456ca-e247-429f-815e-4e83309222d2",
        "fields": {
            "package": "17629e69-35f1-4c9d-8bf7-09a6934e1724",
            "image": "images/initail_package_images/GettyImages-865119770.jpg",
            "type": "normal"
        }
    },
    {
        "model": "tour_package.packageimage",
        "pk": "85ec66e8-af50-421c-9051-c1cc07223768",
        "fields": {
            "package": "17629e69-35f1-4c9d-8bf7-09a6934e1724",
            "image": "images/initail_package_images/aa.jpg",
            "type": "normal"
        }
    },
    {
        "model": "tour_package.packageimage",
        "pk": "aad5d267-a348-40db-8c16-37c5f506388c",
        "fields": {
            "package": "17629e69-35f1-4c9d-8bf7-09a6934e1724",
            "image": "images/initail_package_images/1200px-Ankor_Wat_temple.jpg",
            "type": "thumbnail"
        }
    },
    {
        "model": "tour_package.packageschedule",
        "pk": "580ffa5d-a374-45ab-bfec-833bfddf38e5",
        "fields": {
            "package": "34014616-9d1a-4511-9879-d0ffe7a0ec62",
            "destination": "Wat Phnom",
            "start_time": "16:30:00",
            "end_time": "17:30:00"
        }
    },
    {
        "model": "tour_package.packageschedule",
        "pk": "5e9fc2d8-8f9f-4748-adb5-ca90fc1e8554",
        "fields": {
            "package": "17629e69-35f1-4c9d-8bf7-09a6934e1724",
            "destination": "Lunch Break",
            "start_time": "12:30:00",
            "end_time": "13:30:00"
        }
    },
    {
        "model": "tour_package.packageschedule",
        "pk": "6db78d87-ec19-4b7f-8892-f86af8d33eea",
        "fields": {
            "package": "17629e69-35f1-4c9d-8bf7-09a6934e1724",
            "destination": "Riverside",
            "start_time": "20:00:00",
            "end_time": "22:00:00"
        }
    },
    {
        "model": "tour_package.packageschedule",
        "pk": "82dec5fa-1aea-41a5-8614-19ea0f5356a8",
        "fields": {
            "package": "34014616-9d1a-4511-9879-d0ffe7a0ec62",
            "destination": "Royal Palace",
            "start_time": "08:00:00",
            "end_time": "10:00:00"
        }
    },
    {
        "model": "tour_package.packageschedule",
        "pk": "94c3d27f-1b0d-431e-9a0c-0aa670ec2ce9",
        "fields": {
            "package": "34014616-9d1a-4511-9879-d0ffe7a0ec62",
            "destination": "Riverside",
            "start_time": "20:00:00",
            "end_time": "22:00:00"
        }
    },
    {
        "model": "tour_package.packageschedule",
        "pk": "a73a14de-7cc1-41fd-92c2-4f2d10fbbd5a",
        "fields": {
            "package": "17629e69-35f1-4c9d-8bf7-09a6934e1724",
            "destination": "Tuol Sleng Genocide Museum",
            "start_time": "14:00:00",
            "end_time": "16:00:00"
        }
    },
    {
        "model": "tour_package.packageschedule",
        "pk": "b40504a7-d5b7-4222-9058-6652f8f1305d",
        "fields": {
            "package": "17629e69-35f1-4c9d-8bf7-09a6934e1724",
            "destination": "Silver Pagoda",
            "start_time": "10:30:00",
            "end_time": "12:00:00"
        }
    },
    {
        "model": "tour_package.packageschedule",
        "pk": "b572b9de-e50f-461f-9283-ea158d37ee5c",
        "fields": {
            "package": "34014616-9d1a-4511-9879-d0ffe7a0ec62",
            "destination": "Tuol Sleng Genocide Museum",
            "start_time": "14:00:00",
            "end_time": "16:00:00"
        }
    },
    {
        "model": "tour_package.packageschedule",
        "pk": "cfa8a1db-74d5-4735-8acc-147c0fecc73b",
        "fields": {
            "package": "17629e69-35f1-4c9d-8bf7-09a6934e1724",
            "destination": "Mekong River",
            "start_time": "18:00:00",
            "end_time": "20:00:00"
        }
    },
    {
        "model": "tour_package.packageschedule",
        "pk": "d87afcee-2b7b-4f5b-b537-420143b2abd4",
        "fields": {
            "package": "34014616-9d1a-4511-9879-d0ffe7a0ec62",
            "destination": "Mekong River",
            "start_time": "18:00:00",
            "end_time": "20:00:00"
        }
    },
    {
        "model": "tour_package.packageschedule",
        "pk": "dacff0fa-91ed-4159-a5b5-98444e3649ea",
        "fields": {
            "package": "34014616-9d1a-4511-9879-d0ffe7a0ec62",
            "destination": "Lunch Break",
            "start_time": "12:30:00",
            "end_time": "13:30:00"
        }
    },
    {
        "model": "tour_package.packageschedule",
        "pk": "db866d9c-0cc6-4171-a035-e8e52141ab97",
        "fields": {
            "package": "34014616-9d1a-4511-9879-d0ffe7a0ec62",
            "destination": "Silver Pagoda",
            "start_time": "10:30:00",
            "end_time": "12:00:00"
        }
    },
    {
        "model": "tour_package.packageschedule",
        "pk": "dff5d240-c4ac-49e1-bd74-0cf5fde55e29",
        "fields": {
            "package": "17629e69-35f1-4c9d-8bf7-09a6934e1724",
            "destination": "Wat Phnom",
            "start_time": "16:30:00",
            "end_time": "17:30:00"
        }
    },
    {
        "model": "tour_package.packageschedule",
        "pk": "ed5c005d-bf2a-4cdd-8dbd-7dcadf2009f8",
        "fields": {
            "package": "17629e69-35f1-4c9d-8bf7-09a6934e1724",
            "destination": "Royal Palace",
            "start_time": "08:00:00",
            "end_time": "10:00:00"
        }
    },
    {
        "model": "tour_package.packageservice",
        "pk": "093a588f-fa73-4a84-9cf2-817d3e8cd906",
        "fields": {
            "detail": "Sunset at Tonle Sap River",
            "package": "34014616-9d1a-4511-9879-d0ffe7a0ec62",
            "price": 2000,
            "currency": "usd",
            "is_close": false
        }
    },
    {
        "model": "tour_package.packageservice",
        "pk": "1089e42f-514d-4d5c-a373-d8eaa5c130e6",
        "fields": {
            "detail": "Wat Phnom exploration",
            "package": "17629e69-35f1-4c9d-8bf7-09a6934e1724",
            "price": 1500,
            "currency": "usd",
            "is_close": false
        }
    },
    {
        "model": "tour_package.packageservice",
        "pk": "225cbc23-c873-4803-bdcb-e4c1cca0e816",
        "fields": {
            "detail": "Half-day city tour",
            "package": "34014616-9d1a-4511-9879-d0ffe7a0ec62",
            "price": 3000,
            "currency": "usd",
            "is_close": false
        }
    },
    {
        "model": "tour_package.packageservice",
        "pk": "23c4a064-aaf6-4989-b15e-bb430e507699",
        "fields": {
            "detail": "Royal Palace visit",
            "package": "17629e69-35f1-4c9d-8bf7-09a6934e1724",
            "price": 2000,
            "currency": "usd",
            "is_close": false
        }
    },
    {
        "model": "tour_package.packageservice",
        "pk": "287b7dc5-be3d-40a4-a38e-f75b1a4a1984",
        "fields": {
            "detail": "Half-day city tour",
            "package": "17629e69-35f1-4c9d-8bf7-09a6934e1724",
            "price": 3000,
            "currency": "usd",
            "is_close": false
        }
    },
    {
        "model": "tour_package.packageservice",
        "pk": "29d7df00-75bb-42e6-8fce-3cfe20a60f98",
        "fields": {
            "detail": "Tuk-tuk ride around the city",
            "package": "34014616-9d1a-4511-9879-d0ffe7a0ec62",
            "price": 1000,
            "currency": "usd",
            "is_close": false
        }
    },
    {
        "model": "tour_package.packageservice",
        "pk": "3d673d8a-13ec-4f9f-ba1d-999642fe32dd",
        "fields": {
            "detail": "Wat Phnom exploration",
            "package": "34014616-9d1a-4511-9879-d0ffe7a0ec62",
            "price": 1500,
            "currency": "usd",
            "is_close": false
        }
    },
    {
        "model": "tour_package.packageservice",
        "pk": "68bd5b96-4fc1-4b09-a666-2cd99dc4c235",
        "fields": {
            "detail": "Killing Fields excursion",
            "package": "34014616-9d1a-4511-9879-d0ffe7a0ec62",
            "price": 3500,
            "currency": "usd",
            "is_close": false
        }
    },
    {
        "model": "tour_package.packageservice",
        "pk": "6dd60cd6-9f84-4c67-81d5-f67208422e82",
        "fields": {
            "detail": "Mekong River cruise",
            "package": "17629e69-35f1-4c9d-8bf7-09a6934e1724",
            "price": 4000,
            "currency": "usd",
            "is_close": false
        }
    },
    {
        "model": "tour_package.packageservice",
        "pk": "8a8ed72e-1df7-4f1e-bb6d-c0ecc73d4a22",
        "fields": {
            "detail": "Full-day city tour",
            "package": "17629e69-35f1-4c9d-8bf7-09a6934e1724",
            "price": 5000,
            "currency": "usd",
            "is_close": false
        }
    },
    {
        "model": "tour_package.packageservice",
        "pk": "8b77ce4f-496a-401c-afcb-cf5ed20a2683",
        "fields": {
            "detail": "Full-day city tour",
            "package": "34014616-9d1a-4511-9879-d0ffe7a0ec62",
            "price": 5000,
            "currency": "usd",
            "is_close": false
        }
    },
    {
        "model": "tour_package.packageservice",
        "pk": "9c2f64d6-6bba-4c5c-8a6b-fb23b82a125f",
        "fields": {
            "detail": "Tuk-tuk ride around the city",
            "package": "17629e69-35f1-4c9d-8bf7-09a6934e1724",
            "price": 1000,
            "currency": "usd",
            "is_close": false
        }
    },
    {
        "model": "tour_package.packageservice",
        "pk": "9f559098-d829-45d5-84cc-87f8270dfc25",
        "fields": {
            "detail": "Cambodian street food tour",
            "package": "17629e69-35f1-4c9d-8bf7-09a6934e1724",
            "price": 3000,
            "currency": "usd",
            "is_close": false
        }
    },
    {
        "model": "tour_package.packageservice",
        "pk": "af084a52-2bd1-46af-982c-c1e4e6d48885",
        "fields": {
            "detail": "Cambodian street food tour",
            "package": "34014616-9d1a-4511-9879-d0ffe7a0ec62",
            "price": 3000,
            "currency": "usd",
            "is_close": false
        }
    },
    {
        "model": "tour_package.packageservice",
        "pk": "b74d2430-10fc-47eb-83ed-fdcf87b552dd",
        "fields": {
            "detail": "National Museum visit",
            "package": "17629e69-35f1-4c9d-8bf7-09a6934e1724",
            "price": 2500,
            "currency": "usd",
            "is_close": false
        }
    },
    {
        "model": "tour_package.packageservice",
        "pk": "cde19bcc-2f2b-46d5-9bbd-671c98eea641",
        "fields": {
            "detail": "National Museum visit",
            "package": "34014616-9d1a-4511-9879-d0ffe7a0ec62",
            "price": 2500,
            "currency": "usd",
            "is_close": false
        }
    },
    {
        "model": "tour_package.packageservice",
        "pk": "d28f0d39-0bf4-4ae6-a501-94b7179066ed",
        "fields": {
            "detail": "Sunset at Tonle Sap River",
            "package": "17629e69-35f1-4c9d-8bf7-09a6934e1724",
            "price": 2000,
            "currency": "usd",
            "is_close": false
        }
    },
    {
        "model": "tour_package.packageservice",
        "pk": "de7085f2-819d-4fa0-af8b-e04ff3fa77b0",
        "fields": {
            "detail": "Mekong River cruise",
            "package": "34014616-9d1a-4511-9879-d0ffe7a0ec62",
            "price": 4000,
            "currency": "usd",
            "is_close": false
        }
    },
    {
        "model": "tour_package.packageservice",
        "pk": "e440537a-13da-4ed3-bfee-86f9966021b8",
        "fields": {
            "detail": "Royal Palace visit",
            "package": "34014616-9d1a-4511-9879-d0ffe7a0ec62",
            "price": 2000,
            "currency": "usd",
            "is_close": false
        }
    },
    {
        "model": "tour_package.packageservice",
        "pk": "f7ae517c-253c-425c-acf7-fc1c3cc3114b",
        "fields": {
            "detail": "Killing Fields excursion",
            "package": "17629e69-35f1-4c9d-8bf7-09a6934e1724",
            "price": 3500,
            "currency": "usd",
            "is_close": false
        }
    },
    {
        "model": "tour_package.packageunavailabledate",
        "pk": "201257f4-37ce-4556-9eec-608ea1bc33c1",
        "fields": {
            "package": "17629e69-35f1-4c9d-8bf7-09a6934e1724",
            "unavailable_at": "2024-01-14"
        }
    },
    {
        "model": "tour_package.packageunavailabledate",
        "pk": "4860e3dc-2240-4460-8a4e-0864f877cddc",
        "fields": {
            "package": "34014616-9d1a-4511-9879-d0ffe7a0ec62",
            "unavailable_at": "2024-01-15"
        }
    },
    {
        "model": "tour_package.packageunavailabledate",
        "pk": "a5b19a30-0f1c-4674-b52e-6583a6b036bf",
        "fields": {
            "package": "34014616-9d1a-4511-9879-d0ffe7a0ec62",
            "unavailable_at": "2024-01-14"
        }
    },
    {
        "model": "tour_package.packageunavailabledate",
        "pk": "c78e4941-c028-480e-b18c-a8a642fdb374",
        "fields": {
            "package": "17629e69-35f1-4c9d-8bf7-09a6934e1724",
            "unavailable_at": "2024-01-15"
        }
    }
]